,age,error
0,27.0,2.6243725
1,31.850000381469727,2.962946
2,27.0,-2.3142624
3,24.0,0.902895
4,26.0,5.999151
5,46.58000183105469,4.320816
6,20.0,2.6790676
7,21.0,2.0614586
8,21.0,2.6253834
9,31.0,0.8820381
10,20.0,2.3337955
11,62.43000030517578,-2.0907478
12,45.0,2.0974655
13,53.0,-3.8264313
14,19.0,4.716099
15,25.0,-0.9341793
16,43.0,1.1655045
17,25.0,5.1009216
18,72.83000183105469,-1.7295914
19,44.0,2.6084404
20,47.0,-2.3079605
21,22.0,1.9714203
22,27.0,1.2562027
23,45.0,-0.2726097
24,23.0,2.8094883
25,22.0,2.0431404
26,28.0,6.2228203
27,20.0,2.6726723
28,22.0,1.3835144
29,21.0,4.2662697
30,22.0,3.0042763
31,21.0,4.2035656
32,23.0,-0.40454674
33,56.0,5.0100327
34,20.0,3.6361103
35,29.0,-1.230217
36,45.0,6.004471
37,56.439998626708984,5.495796
38,22.0,4.928442
39,34.0,5.344185
40,30.690000534057617,-1.3058872
41,19.0,2.5328045
42,22.0,4.6691017
43,43.0,3.088646
44,30.0,1.2141876
45,34.0,-0.14533997
46,49.400001525878906,5.791847
47,66.9000015258789,1.4753723
48,22.0,2.1050224
49,33.0,4.7790413
50,31.0,1.6107712
51,36.0,2.8097534
52,27.0,7.399189
53,24.139999389648438,-0.9770794
54,55.0,0.39907074
55,30.0,-0.6995449
56,22.0,0.029838562
57,24.0,1.9625702
58,41.0,-4.778652
59,23.0,1.971302
60,23.0,0.45915413
61,24.309999465942383,-1.0644951
62,41.060001373291016,-4.5448456
63,20.0,2.6311474
64,39.0,-1.7502213
65,25.0,-0.08740616
66,75.08000183105469,-0.13686371
67,47.0,1.4523621
68,23.0,-0.11406708
69,28.0,-2.727888
70,22.0,2.0098515
71,17.0,5.281437
72,61.0,-4.8522034
73,27.0,3.015686
74,23.0,3.5859566
75,30.0,-0.3271675
76,25.0,0.22762108
77,67.0,-5.9705544
78,26.0,-0.38435555
79,23.0,1.6539173
80,29.780000686645508,-6.591692
81,52.0,1.5074883
82,22.0,0.6914711
83,30.0,-2.868204
84,47.06999969482422,1.4423218
85,27.0,-3.7863216
86,64.0,-0.73003006
87,22.0,2.6383286
88,20.0,3.8925285
89,38.779998779296875,1.2107506
90,26.0,3.8460617
91,28.56999969482422,2.5100727
92,19.0,5.9161587
93,27.0,-2.6718407
94,21.0,1.628746
95,40.0,-4.5489464
96,34.47999954223633,2.6070328
97,26.0,-3.2434616
98,46.0,-1.8546104
99,33.13999938964844,4.0406113
100,32.0,-0.9005604
101,43.0,3.9673615
102,54.0,-0.726387
103,21.0,2.14744
104,45.0,4.946018
105,61.59000015258789,0.88601303
106,21.0,1.9797344
107,31.0,3.8651543
108,23.0,-0.082538605
109,44.0,2.9466782
110,38.0,8.18943
111,48.0,1.6839294
112,37.0,3.6598167
113,36.0,0.9325638
114,32.0,6.230522
115,37.0,2.0047607
116,22.0,0.8911762
117,19.0,3.0080204
118,49.599998474121094,6.900326
119,20.0,1.9572048
120,71.0,3.500061
121,33.0,0.29052353
122,24.0,0.65215683
123,25.0,2.7847576
124,21.0,0.7559166
125,24.0,-1.3027916
126,37.0,-3.5583916
127,68.2699966430664,-0.30510712
128,30.0,4.9524307
129,27.0,-3.0231457
130,25.0,-0.5761452
131,50.0,3.6820183
132,22.0,7.069195
133,38.0,3.1991005
134,48.0,3.244896
135,36.0,5.970459
136,27.0,5.2061195
137,47.0,2.0476418
138,73.54000091552734,0.9912567
139,39.400001525878906,-1.084362
140,19.0,3.8774376
141,76.77999877929688,-3.7062225
142,21.0,1.0264397
143,22.0,-0.72042465
144,46.0,1.888382
145,55.0,-7.082325
146,30.0,5.376217
147,31.3700008392334,3.0830212
148,25.0,-2.5442104
149,20.0,1.6104107
150,30.0,1.0961971
151,46.0,0.86675644
152,90.0,0.37122345
153,23.0,2.6478882
154,28.0,8.238853
155,21.0,2.4893818
156,25.0,-2.3537674
157,23.0,1.2196312
158,24.0,0.53422165
159,52.0,3.9817352
160,26.0,-2.7269173
161,51.0,-0.8415451
162,17.0,4.9669247
163,27.0,0.6759453
164,62.68000030517578,3.0795517
165,27.0,-4.757019
166,60.0,-4.0201263
167,22.0,1.0309868
168,61.06999969482422,-1.066658
169,68.0,-6.4198112
170,29.65999984741211,7.110615
171,19.0,3.608059
172,71.0,3.921112
173,24.0,-3.6063728
174,26.639999389648438,-3.7397785
175,43.0,-0.19144058
176,61.0,3.2445526
177,26.520000457763672,2.1272392
178,66.91000366210938,2.3288956
179,39.0,2.1267319
180,24.850000381469727,6.1832447
181,67.81999969482422,-1.4824448
182,33.0,-5.860771
183,50.0,5.223797
184,29.0,-6.4978657
185,60.459999084472656,0.69664764
186,46.0,3.3814354
187,56.0,-4.5310593
188,63.65999984741211,-0.5033455
189,19.0,3.6855488
190,26.0,0.008054733
191,24.0,-1.3141823
192,58.279998779296875,8.453842
193,30.0,-2.22093
194,41.900001525878906,-2.0378685
195,29.0,-3.7567768
196,23.0,-0.032108307
197,21.0,1.80266
198,28.0,-1.1914196
199,31.0,-0.34135246
200,37.77000045776367,-2.247589
201,48.0,-3.4693947
202,32.0,-2.0844078
203,19.0,4.1231346
204,35.97999954223633,-0.9606209
205,31.59000015258789,8.861198
206,30.0,-3.6364918
207,23.0,-0.8699379
208,55.0,3.0807495
209,22.0,3.0325089
210,33.0,-2.5956154
211,51.65999984741211,1.3978882
212,45.29999923706055,-7.53944
213,21.0,1.7375069
214,34.720001220703125,-4.697302
215,24.0,-1.6766758
216,34.2400016784668,-2.1587563
217,18.0,4.431675
218,53.540000915527344,-0.9245453
219,61.150001525878906,-0.10631561
220,51.0,-1.0934906
221,33.0,2.6782532
222,30.0,4.310028
223,63.400001525878906,3.2612991
224,28.0,-5.392454
225,25.0,-1.9202976
226,31.0,2.8234596
227,28.0,-0.21729279
228,18.0,3.2527866
229,25.0,-1.5806122
230,29.0,-7.74831
231,37.0,-2.8696861
232,18.0,4.669161
233,63.0,-2.4115334
234,66.0199966430664,3.9864807
235,23.0,0.46652412
236,24.0,2.3657722
237,28.239999771118164,-2.8571682
238,26.0,-2.1635475
239,51.0,-3.2065582
240,31.0,5.1744576
241,21.0,1.3509598
242,34.0,4.5938454
243,28.0,4.2224083
244,20.0,2.2177467
245,60.06999969482422,-1.8071327
246,44.47999954223633,-3.4311066
247,21.0,10.612793
248,42.0,10.09433
249,25.0,4.626852
250,19.0,3.4015465
251,42.220001220703125,1.9150658
252,55.0,-1.5478668
253,59.0,-5.3715477
254,30.0,-3.6866322
255,31.0,1.7334862
256,29.0,-1.6014328
257,20.0,2.4353714
258,29.0,-1.665514
259,23.0,0.11934662
260,61.0,-3.647873
261,24.34000015258789,2.2516518
262,25.0,3.8731194
263,75.97000122070312,-7.5575714
264,20.0,2.3298302
265,33.91999816894531,-1.5777359
266,30.0,5.9227104
267,33.0,3.5885239
268,29.0,1.9497643
269,24.6200008392334,0.4108734
270,21.0,1.1925755
271,22.0,0.63521576
272,33.0,0.14199066
273,21.0,1.0285168
274,69.06999969482422,1.3405685
275,55.0,-1.8719788
276,19.0,4.8057137
277,23.0,-0.35409355
278,19.0,2.826992
279,26.0,-1.6071796
280,20.0,2.1907597
281,26.0,-2.1875744
282,22.0,3.6336746
283,22.0,3.928669
284,21.0,3.69446
285,30.0,-6.7460537
286,23.0,11.868504
287,49.0,1.6348686
288,38.22999954223633,3.1022835
289,26.0,0.7353897
290,33.0,-1.0984535
291,44.0,-1.1212273
292,22.0,0.94747925
293,21.0,4.2354755
294,28.1200008392334,3.4682674
295,57.0,12.515106
296,22.0,0.9303818
297,57.0,-0.24956894
298,37.0,0.9466133
299,20.0,2.7951946
300,18.0,5.3132935
301,21.0,1.443737
302,22.0,2.4589996
303,24.0,1.8578091
304,41.0,-0.54035187
305,23.0,-0.36682892
306,27.0,2.8432407
307,59.0,3.098404
308,26.0,-1.3744621
309,24.0,-0.82248116
310,21.0,1.5270653
311,30.0,5.858761
312,35.0,1.8090515
313,19.0,3.0898075
314,25.0,0.14857292
315,36.0,5.270714
316,58.65999984741211,0.65424347
317,18.0,4.08794
318,58.0,4.773342
319,41.88999938964844,4.7940826
320,23.0,0.05987549
321,52.0,-1.2834625
322,38.939998626708984,0.15237808
323,73.18000030517578,-4.696045
324,59.0,-0.20547104
325,25.0,-1.2925167
326,57.7400016784668,8.599667
327,26.0,-3.5639095
328,23.0,1.0967846
329,24.0,-4.3404636
330,24.0,0.9721489
331,50.0,1.394455
332,73.0199966430664,3.0634995
333,39.0,-0.013084412
334,29.780000686645508,-1.0066853
335,30.06999969482422,0.13420486
336,22.0,0.091207504
337,70.13999938964844,1.4824905
338,22.0,0.79304314
339,25.0,8.579807
340,55.0,1.1547508
341,26.780000686645508,-1.6000652
342,29.34000015258789,-2.970419
343,23.0,4.0955772
344,22.0,3.8374481
345,42.0,-1.1124
346,65.0,1.6087036
347,68.0,-1.4585266
348,48.0,3.7711067
349,26.0,-3.043005
350,25.0,-1.3041782
351,60.90999984741211,0.4596634
352,22.0,2.135191
353,36.0,0.6236191
354,24.0,-1.8687325
355,26.0,0.64650726
356,21.0,5.335335
357,29.0,-3.6885986
358,19.0,4.8489876
359,52.0,-1.1306992
360,50.0,-1.0595016
361,64.0,-2.0720139
362,19.0,2.6566448
363,32.0,-7.0653896
364,25.0,-0.698328
365,44.0,-0.72829056
366,52.0,5.1619606
367,27.0,-3.0262852
368,73.0,-0.21079254
369,33.0,7.7106705
370,22.0,3.3695679
371,28.0,-1.6926804
372,51.0,-0.96546173
373,20.0,2.6883812
374,21.0,-0.4784069
375,26.0,3.1707897
376,20.0,2.1689892
377,28.0,-2.614254
378,29.0,4.291931
379,59.7400016784668,0.027965546
380,56.0,4.387245
381,27.0,-1.9731102
382,26.0,5.4542255
383,20.0,2.5811424
384,33.0,-8.263302
385,28.0,-5.206997
386,18.0,3.2937183
387,46.0,1.105854
388,31.0,-4.430416
389,26.0,5.5039577
390,18.0,3.78232
391,44.0,1.0351257
392,62.459999084472656,3.1346283
393,28.0,-2.9607658
394,31.0,0.30734634
395,25.0,-0.5606899
396,29.81999969482422,0.64172363
397,33.0,-0.8087425
398,24.0,0.43756866
399,46.0,-2.0091782
400,23.0,-1.6242237
401,18.0,2.3106384
402,42.0,5.753311
403,42.0,-2.7149963
404,25.0,-1.4286175
405,54.61000061035156,-2.0343742
406,40.0,-3.633564
407,47.0,-0.2003212
408,34.0,-5.4336834
409,40.0,-2.1691399
410,65.0,-0.62596893
411,45.0,-4.0144005
412,64.19000244140625,1.443039
413,27.0,0.45822144
414,56.0,0.70534134
415,25.0,-0.89094734
416,25.0,0.55111694
417,35.0,-1.6887054
418,38.88999938964844,-0.46409607
419,64.0,-0.53427124
420,20.0,0.4860878
421,35.0,-1.3818893
422,21.0,1.3636513
423,30.139999389648438,-6.069319
424,17.0,5.1560783
425,55.0,-7.9515915
426,21.0,3.3756046
427,24.0,-1.8026848
428,42.0,0.78406525
429,86.31999969482422,-1.2308044
430,29.0,-2.6482105
431,19.0,3.1778908
432,21.0,1.4846058
433,24.766599655151367,-2.824831
434,23.0,-0.9629936
435,37.209999084472656,8.129395
436,44.0,-7.8514557
437,32.0,2.369526
438,21.0,5.2515335
439,24.0,-2.7326527
440,41.0,-0.48675537
441,18.0,4.321413
442,19.0,4.5990486
443,29.0,4.334713
444,22.0,4.171644
445,57.0,1.6109962
446,21.0,0.4358387
447,26.0,1.900486
448,29.0,1.1799126
449,23.0,1.6083889
450,24.0,1.077465
451,53.40999984741211,6.2809715
452,54.65999984741211,3.1498032
453,28.0,-3.6900063
454,34.290000915527344,4.272846
455,22.0,-1.0364704
456,45.0,-0.5387802
457,19.0,4.629162
458,36.0,-2.9309464
459,26.0,-3.2249756
460,42.5099983215332,0.36812973
461,25.0,-1.6946144
462,35.0,-3.185543
463,42.0,-0.0708313
464,29.0,-6.771082
465,43.0,2.5277252
466,48.0,-1.4316978
467,20.0,2.4385796
468,30.0,1.5994835
469,58.279998779296875,7.8047256
470,24.0,2.6815662
471,30.0,-4.1814194
472,42.0,0.8469162
473,27.0,2.9213963
474,43.459999084472656,7.8159943
475,33.349998474121094,2.9866219
476,27.0,-3.3489208
477,26.0,-3.0916405
478,19.0,3.3178425
479,28.0,5.3855705
480,70.70999908447266,-1.3338165
481,64.0,0.8877487
482,29.0,-1.0976162
483,26.0,-3.4472446
484,52.0,0.4854164
485,47.0,-0.46326828
486,28.0,4.631813
487,20.0,2.0559406
488,52.0,-0.22272873
489,46.0,4.2087097
490,81.0,-8.657242
491,46.0,-9.696754
492,69.0,-5.395649
493,28.0,-3.1139107
494,60.099998474121094,-0.063194275
495,30.0,1.0101242
496,23.0,0.89335823
497,23.0,0.51776695
498,56.0,-5.458313
499,23.0,1.0557365
500,86.19999694824219,1.1057129
501,24.850000381469727,-2.742569
502,22.0,2.7130985
503,55.599998474121094,-1.5960503
504,49.0,2.681511
505,23.0,-0.18919373
506,19.0,4.042822
507,38.0,-0.93959427
508,20.0,3.4540653
509,20.0,0.7775402
510,41.0,-3.271
511,40.0,5.8422737
512,29.0,0.5506668
513,21.0,4.6278152
514,46.0,2.255806
515,23.0,1.1957684
516,22.0,5.9186344
517,23.0,0.28526306
518,20.0,3.6745682
519,21.0,-0.0605011
520,26.0,1.5436459
521,21.0,2.3628788
522,61.4900016784668,-3.937931
523,26.0,-3.7609768
524,24.0,-1.4936123
525,86.0,-5.658226
526,24.899999618530273,1.0365105
527,30.0,7.5850143
528,51.0,-2.771225
529,47.0,-1.420475
530,47.0,-1.5381126
531,38.0,-5.4138336
532,25.0,-1.8130856
533,20.0,1.0302963
534,25.0,-0.89097214
535,33.0,-0.27965927
536,31.579999923706055,4.4242725
537,26.0,4.7079773
538,27.0,2.1799603
539,19.0,1.8125668
540,46.709999084472656,7.341278
541,23.0,-0.42533684
542,22.0,0.8596535
543,23.0,-1.0443592
544,22.0,4.2386
545,50.0,4.114361
546,47.0,1.4521675
547,39.040000915527344,3.7457733
548,26.0,-3.5803127
549,45.2599983215332,-3.226059
550,32.0,-8.5592785
551,28.0,-4.6727257
552,55.119998931884766,-1.7411995
553,22.0,-1.4708405
554,21.0,1.414957
555,28.0,0.16650009
556,20.0,3.114622
557,24.0,4.637764
558,26.0,7.5813866
559,22.0,0.47118378
560,23.0,-0.4628544
561,59.0,1.1470985
562,82.0,-6.285225
563,40.0,-1.9526672
564,19.0,2.5973206
565,24.0,4.885109
566,27.0,1.304779
567,33.0,6.784115
568,24.0,0.05627823
569,30.0,-2.5852852
570,33.0,1.8153801
571,19.0,4.454134
572,32.0,-2.0413895
573,41.75,4.4629173
574,34.0,1.8268967
575,22.0,0.91791534
576,63.38999938964844,-1.2846222
577,30.0,-2.1183128
578,24.0,-0.087667465
579,22.0,0.06591225
580,25.0,-1.6239262
581,44.91999816894531,0.6875458
582,68.12000274658203,-1.7760086
583,27.0,-4.9728603
584,55.0,-0.75551224
585,29.0,6.8578033
586,64.0,-0.99604034
587,63.68000030517578,-5.048458
588,70.55999755859375,-1.6210938
589,36.0,-5.9700584
590,20.0,3.7364426
591,19.0,3.3056087
592,23.0,-0.7030983
593,59.90999984741211,-3.5830193
594,53.0,-1.0064545
595,31.0,-0.4976635
596,23.0,-0.83911896
597,33.0,2.8717384
598,53.0,2.7828407
599,19.0,1.9648342
600,28.0,1.7669907
601,20.0,2.5077572
602,25.0,0.37229538
603,48.0,-4.9791336
604,51.0,0.9703636
605,23.638599395751953,-0.4901352
606,40.0,1.050972
607,37.13999938964844,6.4456253
608,46.0099983215332,4.949066
609,27.0,-4.6783123
610,29.0,-6.226286
611,23.0,-0.76898766
612,27.0,-2.78611
613,26.0,-3.7104073
614,46.0,-3.354744
615,30.0,-3.188076
616,20.0,2.2852306
617,47.0,0.31238556
618,48.0,-2.9697342
619,24.0,-2.6813183
620,26.0,-3.0095577
621,18.0,3.9947586
622,21.0,-2.0963478
623,63.970001220703125,-4.2845573
624,19.0,5.178499
625,66.27999877929688,-1.4204559
626,25.0,-2.3143425
627,35.0,-3.6182556
628,52.0,2.2309341
629,45.0,-7.105156
630,27.0,-3.8291378
631,64.66000366210938,0.58330536
632,20.0,1.9756374
633,25.0,-3.625742
634,85.73999786376953,-1.4068222
635,29.0,-1.4355011
636,23.110000610351562,-0.86419296
637,65.0,-4.894722
638,21.0,0.28122902
639,33.59000015258789,6.4577293
640,25.0,-2.4451313
641,20.0,1.8793144
642,59.0,2.6366043
643,71.0,-6.2806854
644,23.489999771118164,4.4823685
645,20.93000030517578,1.5054836
646,32.41999816894531,-1.1828651
647,59.0,-1.757412
648,40.0,4.1346893
649,34.0,4.3666573
650,36.0,-1.0455666
651,32.0,0.26203156
652,27.0,-4.967123
653,23.0,1.0277729
654,41.0,4.588726
655,30.0,6.11467
656,25.0,-1.7037468
657,22.0,0.65086937
658,21.0,0.41950417
659,49.0,-2.5772858
660,70.0,5.707527
661,47.0,-1.8251953
662,53.0,1.0121613
663,51.0,-0.2492218
664,44.9900016784668,5.720978
665,34.0,2.4192238
666,48.0,-5.1143837
667,53.0,-3.0197296
668,24.0,1.5258522
669,53.40999984741211,1.5202103
670,79.41000366210938,-1.5246964
671,31.0,0.8618469
672,28.0,0.24695015
673,56.0,-0.9646797
674,67.16000366210938,-1.5207672
675,29.0,5.737625
676,27.0,1.4536552
677,23.959999084472656,-1.0439434
678,45.77000045776367,0.9860611
679,47.0,3.4559631
680,23.0,5.5119667
681,24.0,7.1033688
682,44.0,3.9102898
683,23.0,1.6304245
684,22.0,3.407215
685,57.0,-0.9516983
686,20.0,4.6079636
687,72.1500015258789,-2.0153656
688,22.0,0.70549774
689,23.0,-0.9570637
690,20.0,1.6673203
691,32.0,1.132515
692,23.592100143432617,0.9725323
693,24.0,-1.2671089
694,23.0,-1.0686951
695,60.02000045776367,0.07992172
696,24.0,2.5471077
697,24.0,-0.9912281
698,49.369998931884766,4.9951477
699,19.0,3.7416172
700,49.0,-2.2409134
701,53.0,-2.0039902
702,27.0,-3.1074696
703,44.0,-2.559578
704,37.0,2.5979118
705,32.0,1.7145271
706,28.0,-4.472021
707,72.01000213623047,-0.5432892
708,22.0,0.40188217
709,26.0,-0.6233673
710,34.0,2.9273224
711,23.0,2.465994
712,37.0,-2.8682709
713,23.0,-0.015983582
714,20.0,1.6161728
715,64.2699966430664,-2.9386063
716,69.69000244140625,1.3314285
717,24.0,0.6046543
718,48.099998474121094,5.131172
719,30.0,-2.7379093
720,40.0,3.250309
721,55.0,0.3812294
722,21.0,-0.11035538
723,27.0,-1.1371517
724,70.13999938964844,1.3970718
725,23.0,0.6089306
726,42.0,2.202877
727,50.0,-5.385563
728,22.0,3.4597473
729,20.0,2.8845139
730,18.0,4.0666447
731,67.7699966430664,-0.35461426
732,80.16999816894531,-2.133873
733,26.0,4.201853
734,53.0,-9.570549
735,31.0,-0.6801739
736,40.0,8.807507
737,32.0,2.8859367
738,23.0,6.2415276
739,37.0,-0.077034
740,21.0,3.0722828
741,20.0,2.0541286
742,24.747400283813477,-3.1539783
743,42.0,-2.1898575
744,24.0,0.5692787
745,49.02000045776367,-0.56056213
746,82.19000244140625,-6.7344894
747,35.0,0.4952469
748,65.0,5.813751
749,55.0,2.5196075
750,32.0,7.4408875
751,28.0,-4.6236973
752,23.0,0.4151764
753,27.0,-1.3494663
754,33.0,2.584713
755,23.0,1.7685299
756,39.0,4.3973618
757,55.83000183105469,0.26702118
758,59.0,-2.7783508
759,27.84000015258789,-3.9365463
760,23.0,-0.6435337
761,36.0,-2.6439667
762,69.29000091552734,-0.33346558
763,33.0,-1.3206825
764,22.649999618530273,-0.88435173
765,20.0,2.2461834
766,22.0,0.55929565
767,55.0,-3.1519852
768,54.0,0.42414093
769,30.0,4.4063377
770,33.0,-1.2032661
771,26.0,-1.9534874
772,35.810001373291016,1.4202728
773,20.0,4.1811523
774,28.0,-3.5304089
775,61.0,-2.9141884
776,37.0,4.170967
777,31.0,-8.114471
778,21.0,1.0940838
779,30.0,0.6526718
780,22.0,1.3237648
781,36.91999816894531,1.0829887
782,64.0,0.06866455
783,46.59000015258789,-0.7552376
784,24.0,-0.56391716
785,24.0,3.0703812
786,60.08000183105469,2.3945122
787,42.0,0.04866028
788,29.0,2.140194
789,52.0,5.7124557
790,54.0,-0.44825745
791,22.0,0.8542328
792,25.0,-3.033331
793,30.0,-0.84578705
794,23.0,-0.1417942
795,28.0,-3.2583752
796,20.0,1.89674
797,28.15999984741211,2.8566208
798,25.709999084472656,4.6699696
799,68.4800033569336,-5.4174194
800,24.0,-0.9164734
801,65.41000366210938,-4.488327
802,53.66999816894531,4.9309235
803,33.0,2.5178452
804,22.0,0.85871506
805,43.08000183105469,4.9332123
806,18.0,4.6359787
807,29.0,0.41644287
808,23.0,0.8163452
809,46.0,0.022380829
810,59.2599983215332,9.036465
811,52.0,2.6858559
812,59.84000015258789,4.4593315
813,55.0,-1.7305374
814,36.0,1.0969467
815,27.0,-4.524885
816,21.0,4.0655327
817,22.0,0.19151306
818,20.0,2.41189
819,20.0,2.5226479
820,50.0,-3.0210686
821,30.0,-2.3851242
822,30.299999237060547,-0.25665092
823,24.0,3.767273
824,23.0,2.0485744
825,60.400001525878906,-1.6441422
826,58.779998779296875,1.8684578
827,58.0,3.5482903
828,69.27999877929688,-0.7964401
829,22.0,0.70913506
830,20.0,3.2298374
831,23.0,-0.33961868
832,23.0,-1.5251694
833,22.0,1.0420151
834,24.0,-3.189846
835,32.0,-2.097046
836,30.0,-3.398838
837,22.0,0.34674835
838,63.25,3.2787552
839,22.0,0.40194893
840,30.440000534057617,-1.3106155
841,20.0,2.4003258
842,61.0,-0.27831268
843,20.0,6.1713142
844,50.0,1.8995285
845,20.0,1.7320995
846,23.0,0.90338135
847,31.59000015258789,0.0063934326
848,27.0,2.1066551
849,21.0,4.1736393
850,23.0,-0.45319748
851,29.739999771118164,3.4532604
852,27.0,-1.7606907
853,23.0,-0.41636467
854,20.0,2.2396107
855,25.459999084472656,3.5718498
856,29.0,-0.39032936
857,46.0,-5.9151306
858,19.0,3.049759
859,44.0,4.6923256
860,55.0,8.578949
861,33.59000015258789,-1.3803368
862,60.84000015258789,3.447979
863,37.0,1.0974083
864,28.0,-3.076851
865,27.3799991607666,4.792139
866,50.0,-0.027614594
867,59.88999938964844,8.242111
868,66.33000183105469,0.5046768
869,51.0,-3.2836456
870,48.0,-3.961399
871,58.9900016784668,1.6444817
872,62.25,2.0373917
873,26.0,-1.887537
874,59.7400016784668,2.3465347
875,50.650001525878906,0.30639648
876,23.959999084472656,-1.4683304
877,23.0,-1.0701599
878,28.0,-2.378563
879,47.0,-5.041687
880,19.0,2.662033
881,19.0,2.3155346
882,46.0,-1.5541611
883,67.33000183105469,-2.7736893
884,25.0,-1.1997185
885,24.0,-1.5650997
886,29.0,-3.4929218
887,18.0,4.9562283
888,42.0,0.6740799
889,52.0,4.7251816
890,22.0,1.1977654
891,27.0,-3.3050575
892,80.0,1.9784927
893,48.0,-2.6488686
894,47.0,5.0041466
895,19.0,1.676342
896,22.0,0.24899673
897,40.0,1.1753273
898,57.0,0.5971985
899,40.0,-1.8168678
900,28.3700008392334,1.710289
901,24.0,-1.9602032
902,23.0,-0.89175415
903,22.969999313354492,-0.25048637
904,51.880001068115234,5.8115425
905,54.0,-2.2284088
906,23.0,3.9432411
907,23.0,-0.66721535
908,25.0,-1.8213806
909,25.0,-3.177719
910,25.0,-3.0472336
911,50.0,-7.142067
912,37.72999954223633,0.73737335
913,29.360000610351562,-4.855295
914,24.0,-0.99066544
915,57.0,0.39966202
916,29.280000686645508,5.2569256
917,33.7599983215332,2.1903725
918,77.0,-0.08142853
919,42.369998931884766,3.5916405
920,31.0,-3.3859081
921,67.73999786376953,8.140991
922,80.80000305175781,1.5618439
923,43.0,6.941391
924,31.899999618530273,-1.7481728
925,46.43000030517578,4.5333557
926,20.0,2.1324177
927,23.0,0.14077759
928,21.0,1.6062717
929,45.0,1.9448471
930,21.0,1.8326111
931,24.0,5.113428
932,29.0,3.9311066
933,19.0,3.2539196
934,83.45999908447266,-3.4146423
935,19.0,3.1177616
936,24.0,-1.3563538
937,22.0,0.37222862
938,27.0,4.6238556
939,67.0,2.4057083
940,28.0,2.027748
941,66.33000183105469,1.0623932
942,23.0,-2.197775
943,68.8499984741211,-6.725914
944,22.0,0.35140228
945,26.920000076293945,-0.9798107
946,74.0,-6.1051254
947,60.0,4.05468
948,34.0,-1.180378
949,28.0,3.1415539
950,43.15999984741211,2.7070084
951,69.0,-3.2958374
952,27.0,-2.3029404
953,28.0,-0.76717186
954,24.0,-1.4451427
955,25.0,0.957716
956,18.0,4.257
957,35.45000076293945,-1.3421974
958,41.22999954223633,-4.720196
959,66.37000274658203,-6.6728516
960,22.0,2.93898
961,25.0,0.06315422
962,54.0,-0.4781456
963,24.0,1.6424637
964,22.0,1.1729298
965,46.0,2.6330948
966,63.41999816894531,0.53344727
967,55.0,1.3850021
968,18.0,4.0517883
969,64.75,5.0890274
970,25.0,-2.4274406
971,33.0,-1.3138809
972,27.0,-4.4176235
973,47.0,0.9338989
974,74.0,-5.5338593
975,22.0,0.39251328
976,47.0,-2.988308
977,41.0,-2.7797394
978,32.0,0.9360733
979,25.0,-1.3055706
980,29.0,2.605568
981,24.0,5.783039
982,35.0,-3.424324
983,30.0,-0.8253937
984,44.0,0.18029022
985,49.040000915527344,-3.0172043
986,40.0,-0.10611725
987,35.0,-3.29352
988,25.0,1.1917286
989,20.0,1.679369
990,21.0,6.27124
991,22.0,1.4824791
992,43.0,-2.8142471
993,66.86000061035156,3.315239
994,25.0,-1.8323135
995,46.0,3.906601
996,37.0,0.30635452
997,19.0,5.658869
998,22.0,-0.57414436
999,22.0,0.2093792
1000,20.0,4.812069
1001,23.0,-0.64709854
1002,78.58000183105469,-3.033287
1003,18.0,2.7148724
1004,20.0,3.155632
1005,47.0,1.3014832
1006,45.0,0.18278503
1007,23.0,0.4072113
1008,26.0,-3.3949547
1009,38.0,7.0446396
1010,27.0,-3.1822166
1011,18.0,3.3699226
1012,65.0,3.1774673
1013,47.0,0.7006836
1014,45.0,0.39523697
1015,19.0,2.476448
1016,23.0,4.5514107
1017,19.0,3.659443
1018,35.0,6.241501
1019,64.0999984741211,-6.6610794
1020,43.529998779296875,-1.7845116
1021,72.0,-2.4500198
1022,38.59000015258789,4.314747
1023,28.0,0.61358833
1024,22.40999984741211,0.088897705
1025,40.0,5.2065506
1026,22.0,-0.03828621
1027,25.0,-1.6527672
1028,30.18000030517578,-3.1625156
1029,39.0,1.0315399
1030,34.0,-1.9734726
1031,21.0,2.2871895
1032,27.0,-0.70315933
1033,21.0,1.4246922
1034,22.0,2.247221
1035,41.0,-3.3932076
1036,21.0,4.1507645
1037,47.0,0.10799408
1038,24.0,0.45052528
1039,47.0099983215332,0.7042465
1040,63.869998931884766,-0.4625244
1041,21.0,1.8525791
1042,26.0,-0.7733612
1043,30.0,1.1167889
1044,34.0,-8.549427
1045,33.689998626708984,1.3503723
1046,31.0,0.6254158
1047,49.0,-1.2414627
1048,26.579999923706055,-3.0449257
1049,25.0,-2.785553
1050,41.0,1.7345085
1051,19.0,3.2072544
1052,31.0,2.7917023
1053,19.0,3.2232132
1054,65.91000366210938,-2.1655273
1055,28.0,-4.9696865
1056,34.0,1.3487854
1057,32.0,1.5690117
1058,25.0,2.1085892
1059,24.0,0.3665867
1060,35.0,-1.418602
1061,32.29999923706055,-1.8582306
1062,22.0,0.5586052
1063,26.0,2.3862324
1064,29.0,-2.913002
1065,42.970001220703125,1.2846756
1066,27.0,-4.111843
1067,59.220001220703125,-0.39600372
1068,29.0,2.421959
1069,30.670000076293945,0.29012108
1070,23.0,-0.9215927
1071,49.0,2.8641243
1072,24.0,-0.95531845
1073,39.0,0.55517197
1074,71.0,0.72582245
1075,63.41999816894531,2.7034988
1076,39.0,-0.1077919
1077,29.0,-1.5324249
1078,33.91999816894531,0.19340515
1079,69.27999877929688,2.3943405
1080,44.0,1.7315598
1081,34.0,-0.031661987
1082,31.0,8.947666
1083,50.0,-0.6180191
1084,19.0,3.9692898
1085,45.0,-1.402092
1086,19.0,3.8215485
1087,26.0,-3.1936684
1088,23.0,2.0562801
1089,25.0,1.2015438
1090,23.0,-0.84065247
1091,19.0,5.7882595
1092,57.0,-2.923088
1093,42.0,-0.8270874
1094,21.0,6.3244877
1095,18.0,4.253481
1096,52.0,-0.74619293
1097,29.0,-4.511547
1098,28.0,-2.4272346
1099,73.0,-4.9350586
1100,23.0,4.0207825
1101,27.0,-4.0201073
1102,22.0,-0.6759434
1103,24.0,1.4312096
1104,19.0,3.4717197
1105,23.0,-0.06446266
1106,48.0,-9.787174
1107,29.0,-5.223032
1108,69.06999969482422,-4.560562
1109,27.0,2.5276318
1110,22.0,2.37566
1111,71.0,-7.9526024
1112,21.0,0.78905296
1113,18.0,3.4401855
1114,24.0,-1.4712868
1115,23.0,1.6730309
1116,18.0,4.2173634
1117,36.470001220703125,-3.321827
1118,18.0,4.460354
1119,21.0,0.4542446
1120,21.0,11.286339
1121,30.0,4.323494
1122,30.0,-0.7590599
1123,19.0,4.7707214
1124,20.0,1.4026699
1125,31.0,2.399582
1126,89.0,-10.452995
1127,24.0,1.6946754
1128,43.81999969482422,-0.6757088
1129,27.0,-3.1264477
1130,34.0,-7.187622
1131,41.0,-2.2520676
1132,19.0,2.7958908
1133,22.0,-0.21637917
1134,46.0,-1.1420708
1135,21.0,1.2914886
1136,30.0,2.1686897
1137,23.0,-0.23677826
1138,46.0,3.9253616
1139,20.0,1.7712517
1140,18.0,3.677864
1141,25.0,-1.1049919
1142,30.65999984741211,-6.177723
1143,25.0,-2.219675
1144,21.0,1.7674732
1145,75.81999969482422,-2.5903015
1146,23.0,-0.67196465
1147,21.0,1.5262394
1148,72.33000183105469,-0.40940857
1149,47.0,-0.46209717
1150,29.0,-2.0008183
1151,28.0,3.6566048
1152,41.099998474121094,-4.004921
1153,19.0,2.3179035
1154,32.0,-0.07426834
1155,21.0,0.7101021
1156,42.9900016784668,1.9434357
1157,36.0,1.4810791
1158,36.0,0.13592911
1159,20.0,2.709404
1160,43.0,0.91901016
1161,23.0,-1.2817268
1162,24.0,-0.639761
1163,19.0,2.4922009
1164,31.0,1.7229004
1165,22.0,0.38396645
1166,24.0,3.678053
1167,23.0,-1.4743462
1168,45.0,0.10096741
1169,26.0,4.902025
1170,18.0,4.122286
1171,33.0,3.7502556
1172,42.0,-0.6495056
1173,34.0099983215332,0.06342697
1174,58.369998931884766,-3.401783
1175,24.0,-1.408308
1176,20.0,2.008688
1177,22.0,0.79449844
1178,23.0,0.20331192
1179,23.0,1.268055
1180,20.0,1.2124195
1181,24.3700008392334,3.8471203
1182,52.0,-3.588478
1183,34.0,6.3683357
1184,55.220001220703125,4.5827827
1185,18.0,3.9581718
1186,23.0,0.91150093
1187,32.0,0.35251617
1188,53.0,2.6031494
1189,42.0,-0.5471573
1190,18.0,3.9579525
1191,84.0,-3.295761
1192,19.0,2.1059132
1193,58.0,0.8185997
1194,24.0,-0.78294754
1195,30.700000762939453,-3.9718971
1196,21.0,0.636631
1197,18.0,3.1906166
1198,56.68000030517578,-2.1647644
1199,64.0,-2.1089745
1200,25.0,-0.69815826
1201,28.809999465942383,-6.6593475
1202,20.0,2.5541286
1203,29.0,2.681345
1204,24.0,8.533813
1205,29.0,0.5357914
1206,30.0,2.4399796
1207,44.0,1.3908043
1208,37.0,-0.99977875
1209,23.0,-2.201603
1210,49.0,0.6216507
1211,23.719999313354492,1.9425774
1212,30.0,0.46039963
1213,28.459999084472656,4.512192
1214,55.0,0.82317734
1215,23.0,0.13315201
1216,22.0,1.2952728
1217,75.0,-0.6998291
1218,24.0,-0.87543106
1219,49.0,1.9840889
1220,29.0,-1.0017719
1221,35.0,-4.4379387
1222,22.0,1.0886669
1223,27.0,-1.0020695
1224,22.0,-0.0029773712
1225,36.0,-1.6669693
1226,43.0,4.6829414
1227,21.0,5.773142
1228,34.369998931884766,-1.6662788
1229,26.0,-3.2039433
1230,33.0,-2.348095
1231,41.0,2.9297333
1232,32.0,0.8973503
1233,88.0,-3.7659073
1234,21.0,2.5042267
1235,55.540000915527344,0.95650864
1236,23.0,-0.014928818
1237,64.58000183105469,1.9936218
1238,73.0,-5.1950836
1239,51.0,2.4576912
1240,51.0,1.7083473
1241,25.0,-2.1534195
1242,28.0,0.60472107
1243,29.260000228881836,-1.2438431
1244,29.0,-4.4150944
1245,21.020000457763672,0.28676987
1246,24.0,-0.9278965
1247,53.0,3.8360863
1248,69.0,1.6586609
1249,41.0,3.681015
1250,33.0,1.2731018
1251,48.0,3.4277306
1252,23.0,-0.9586487
1253,22.0,2.022211
1254,35.0,0.74264145
1255,24.0,-1.8481617
1256,73.5999984741211,-6.882332
1257,47.720001220703125,3.8604774
1258,25.1299991607666,-1.6883106
1259,22.0,1.271946
1260,21.0,0.26568222
1261,22.0,5.1465206
1262,28.0,0.67097664
1263,24.34000015258789,2.0888824
1264,20.90999984741211,1.9119606
1265,25.0,-3.330124
1266,38.77000045776367,3.2332268
1267,21.0,3.8965187
1268,36.0,0.64780045
1269,40.0,-0.15828323
1270,23.0,6.5229435
1271,35.0,4.8527603
1272,36.220001220703125,3.1999817
1273,34.0,1.9343376
1274,27.0,2.5273762
1275,21.910999298095703,0.7827492
1276,20.0,2.031044
1277,22.0,1.1578655
1278,39.02000045776367,3.1879768
1279,22.0,0.7415619
1280,58.380001068115234,1.9521713
1281,21.0,1.6100082
1282,31.25,4.2510414
1283,71.0,2.0024338
1284,51.0,2.9757195
1285,22.0,-0.5378761
1286,20.0,0.71936035
1287,30.0,-4.193575
1288,29.0,-3.696087
1289,23.0,-2.5414886
1290,19.0,2.4732323
1291,27.0,-2.0333652
1292,24.0,2.2981663
1293,22.0,1.4245129
1294,29.0,-3.0567303
1295,24.0,0.63154984
1296,19.0,3.9166145
1297,22.0,-0.04196167
1298,21.0,3.77561
1299,38.0,-5.481285
1300,32.0,-3.7474632
1301,37.0,4.708168
1302,39.0,6.631996
1303,23.0,3.6066513
1304,35.0,3.941597
1305,27.0,-2.0671806
1306,47.349998474121094,6.883114
1307,24.0,-1.2849941
1308,49.0,8.872036
1309,53.0,2.9279633
1310,44.0,2.5043259
1311,74.98999786376953,0.30443573
1312,24.3799991607666,-1.4410648
1313,49.38999938964844,-2.905243
1314,54.0,-0.94784164
1315,55.0,2.5157928
1316,23.0,-0.30678558
1317,18.0,4.135771
1318,28.0,-1.5242634
1319,75.0,-3.5379105
1320,19.0,3.417656
1321,73.0,4.676956
1322,76.5199966430664,3.106224
1323,26.8799991607666,0.8381119
1324,27.329999923706055,0.94968987
1325,31.0,0.024337769
1326,25.0,-3.1871166
1327,19.0,2.860775
1328,20.0,2.090376
1329,68.0,2.4523087
1330,26.0,-3.315117
1331,23.0,2.831396
1332,59.150001525878906,5.137871
1333,29.0,-5.3683243
1334,20.0,3.9395943
1335,24.0,-0.03306389
1336,32.0,-0.40798378
1337,28.0,-1.3197765
1338,29.0,-3.1685352
1339,24.0,0.048891068
1340,44.0,5.4493637
1341,29.0,-7.4455185
1342,55.0,1.1262741
1343,21.0,1.7274742
1344,21.0,1.6886024
1345,56.0,2.5750961
1346,20.0,1.4510117
1347,29.950000762939453,-4.0060253
1348,31.0,1.570549
1349,19.0,2.3433685
1350,22.0,0.22593689
1351,78.0,0.589592
1352,19.0,3.8829231
1353,51.0,-2.4829636
1354,27.100000381469727,-4.143736
1355,23.0,-0.63253975
1356,52.29999923706055,1.4112587
1357,56.0,2.4524689
1358,58.56999969482422,3.2571564
1359,59.0,-0.5850868
1360,42.0,-3.5287971
1361,45.0,0.74777985
1362,20.0,3.707201
1363,27.0,-2.4348717
1364,67.45999908447266,0.2044754
1365,53.0,1.6116562
1366,28.0,-1.3491497
1367,18.0,5.341339
1368,31.0,2.6978722
1369,31.0,-0.51439667
1370,23.0,-0.002008438
1371,41.5099983215332,4.682335
1372,26.0,-4.6427307
1373,28.0,-0.052614212
1374,26.0,-2.6588001
1375,74.01000213623047,1.1764374
1376,24.0,0.08998299
1377,41.0,1.2770882
1378,20.0,2.1073856
1379,28.479999542236328,-5.392603
1380,25.0,-1.0015697
1381,24.0,-1.8227787
1382,23.0,-0.13893127
1383,55.58000183105469,3.8637848
1384,22.0,-0.10943413
1385,23.0,-1.6381092
1386,21.200000762939453,1.3712635
1387,56.0,-1.519352
1388,21.0,1.5520802
1389,29.0,-2.6229782
1390,68.12000274658203,-2.7536697
1391,50.56999969482422,-0.13674164
1392,26.0,-2.6325893
1393,65.0,1.7212906
1394,54.189998626708984,-0.07831192
1395,27.0,-3.8249683
1396,61.0,0.25458527
1397,30.0,0.29688835
1398,50.0,2.4797935
1399,21.0,1.9026031
1400,60.91999816894531,0.025733948
1401,40.0,2.057499
1402,59.66999816894531,-1.1387062
1403,21.0,1.7708263
1404,55.0,0.7464142
1405,24.0,-1.4574718
1406,24.613300323486328,-0.07991791
1407,35.06999969482422,4.097397
1408,42.0,-1.0905762
1409,36.0,-3.2963943
1410,20.0,2.5168648
1411,60.540000915527344,0.53150177
1412,19.0,4.940069
1413,18.0,3.1786995
1414,62.0,1.9145584
1415,22.0,0.14117241
1416,30.0,-0.23734856
1417,39.0,0.958374
1418,19.0,3.1025887
1419,58.0,2.5819626
1420,22.0,1.3815117
1421,25.0,6.002571
1422,19.979999542236328,4.2020454
1423,35.0,-3.973156
1424,56.0,-2.3466187
1425,25.0,-1.9097519
1426,74.0,-5.1317444
1427,55.58000183105469,4.8231964
1428,64.6500015258789,3.6847153
1429,55.09000015258789,2.7507706
1430,43.0,-2.4415474
1431,24.0,4.40786
1432,68.47000122070312,0.6104355
1433,23.0,1.7833195
1434,22.0,2.065754
1435,24.0,-0.97052574
1436,31.0,-3.5429
1437,22.0,1.8220425
1438,23.0,-0.73830605
1439,25.0,3.6392784
1440,45.0,4.5051384
1441,21.0,8.685507
1442,28.610000610351562,2.0448227
1443,18.0,5.8720436
1444,62.0,-4.785099
1445,20.0,6.9300632
1446,34.0,-1.828701
1447,22.0,0.9543743
1448,20.0,4.014555
1449,48.0,4.0948296
1450,25.0,2.2375813
1451,24.0,1.1304188
1452,41.0,-3.7000809
1453,68.4800033569336,4.803108
1454,20.0,4.9858932
1455,44.0,1.8347664
1456,33.0,2.6292305
1457,19.0,5.727392
1458,21.0,0.38688278
1459,30.0,1.0469418
1460,24.0,-3.0811481
1461,28.0,4.3491745
1462,58.0,3.820549
1463,58.0,2.371254
1464,75.83000183105469,4.3950424
1465,53.0,-1.3789749
1466,22.0,2.3834953
1467,18.0,3.559473
1468,21.0,1.6557388
1469,23.0,3.7156982
1470,20.0,5.1627674
1471,20.0,5.796139
1472,25.0,-1.751791
1473,26.0,-4.17906
1474,42.0,-0.989418
1475,31.0,4.286785
1476,55.0,-4.9177017
1477,54.4900016784668,-0.39927673
1478,61.0,1.4495316
1479,34.0,3.4860687
1480,22.0,0.58760834
1481,26.0,-2.03187
1482,28.0,-3.477642
1483,21.0,2.0304394
1484,20.0,7.513218
1485,49.0,-0.13259888
1486,21.0,1.5556202
1487,26.270000457763672,6.115673
1488,19.0,3.3081818
1489,23.0,0.03735161
1490,20.0,2.738243
1491,32.0,2.6703262
1492,32.0,3.7642403
1493,20.0,1.3775272
1494,84.0,-4.2676697
1495,54.209999084472656,-1.3163795
1496,22.0,-0.47534943
1497,78.0,-12.702866
1498,34.0,1.2841187
1499,53.0,4.822277
1500,72.0,0.210289
1501,49.0,6.7552605
1502,19.0,3.4520588
1503,55.0,-1.679451
1504,36.15999984741211,-1.6348228
1505,30.0,-0.42859268
1506,81.0,-2.059822
1507,22.0,0.33670235
1508,20.0,1.6366081
1509,25.0,0.19808006
1510,24.0,-0.71712303
1511,49.0,2.614708
1512,26.0,3.012125
1513,18.0,3.9069538
1514,26.0,4.4693947
1515,45.0,1.0153122
1516,25.0,0.32206726
1517,27.0,-2.1839943
1518,26.579999923706055,-0.77593803
1519,22.0,0.1243
1520,24.0,0.92102814
1521,20.0,2.3118172
1522,46.0,-0.6276932
1523,44.0,-0.12394714
1524,22.0,0.68702507
1525,21.0,1.6650963
1526,47.0,-2.7123337
1527,26.0,-0.47746658
1528,21.935699462890625,0.82458115
1529,71.0,-2.206955
1530,59.0,-3.0992966
1531,22.0,2.124382
1532,21.0,5.851639
1533,23.0,0.6785927
1534,39.380001068115234,1.3601913
1535,27.729999542236328,3.474636
1536,23.0,1.49366
1537,34.0,-5.7757263
1538,28.0,-1.3347397
1539,63.84000015258789,-0.7124977
1540,25.0,-1.3690033
1541,21.0,1.4811134
1542,20.0,3.8806248
1543,21.0,1.9452972
1544,21.0,1.6744289
1545,24.56999969482422,-2.5600033
1546,78.06999969482422,-5.4641113
1547,58.0,0.8233566
1548,30.0,-5.43898
1549,23.0,0.5144901
1550,45.0,-1.9951057
1551,20.0,3.6855183
1552,62.0,0.2190628
1553,50.0,-6.04834
1554,24.18000030517578,-0.94773483
1555,63.099998474121094,1.3651962
1556,20.209999084472656,2.405201
1557,31.0,1.7342606
1558,23.0,0.71282387
1559,48.099998474121094,2.3973656
1560,26.0,5.5767956
1561,39.0,1.886631
1562,35.0,2.9933891
1563,26.0,-2.2865448
1564,23.0,-0.8656788
1565,24.0,-1.1711254
1566,26.0,-1.1596394
1567,20.0,3.667179
1568,21.0,3.2972279
1569,78.19999694824219,-1.0767212
1570,21.0,1.5382595
1571,29.0,-4.6926117
1572,21.299999237060547,6.3301277
1573,35.0,-0.34056473
1574,45.38999938964844,1.9303551
1575,53.0,0.09964752
1576,53.540000915527344,-5.5682907
1577,24.0,-0.8981724
1578,41.0,-0.797802
1579,64.0,1.6429596
1580,43.0,-0.33998108
1581,80.83999633789062,-7.0418167
1582,42.150001525878906,0.6645622
1583,20.0,0.8330078
1584,19.0,7.0842266
1585,35.0,0.07627869
1586,19.0,5.045229
1587,23.0,5.6893654
1588,33.0,4.3372116
1589,27.0,-2.3995838
1590,26.0,3.759077
1591,32.0,-4.262743
1592,29.0,6.431492
1593,27.020000457763672,-4.9759197
1594,72.08999633789062,-6.0133133
1595,34.0,-2.142044
1596,30.0,-1.8553619
1597,30.0,3.6748695
1598,50.0,3.2350807
1599,37.099998474121094,1.031414
1600,20.0,2.6557598
1601,52.529998779296875,4.8453674
1602,54.279998779296875,-0.24212646
1603,71.0,-6.7537994
1604,31.0,0.8802147
1605,54.0,-5.843048
1606,25.0,-0.91729164
1607,23.0,1.0469093
1608,41.7400016784668,3.9343224
1609,27.0,8.493401
1610,55.65999984741211,2.2237816
1611,55.0,0.3261032
1612,26.0,3.0519485
1613,43.91999816894531,-0.3763733
1614,59.130001068115234,-2.5355148
1615,26.93000030517578,3.387865
1616,51.0,-2.6435852
1617,24.760000228881836,-0.32258224
1618,22.43000030517578,1.2917728
1619,24.8799991607666,-2.9932117
1620,47.0,-2.9063644
1621,27.0,-4.424595
1622,33.0,-0.96855927
1623,26.0,-2.6906624
1624,53.0,-1.7885628
1625,47.0,3.2424545
1626,27.0,3.190136
1627,35.0,-2.5645294
1628,22.0,-0.32511902
1629,63.040000915527344,0.6505356
1630,27.079999923706055,-3.2581425
1631,22.0,0.33424377
1632,55.16999816894531,1.2753143
1633,69.72000122070312,-5.0616837
1634,70.33000183105469,-4.2043533
1635,19.0,2.9486885
1636,24.0,1.5926952
1637,24.407899856567383,3.674841
1638,55.0,-5.6366196
1639,57.70000076293945,-5.2486305
1640,63.189998626708984,-4.4665833
1641,42.0,-4.143009
1642,21.0,2.0679855
1643,26.0,0.7798004
1644,27.0,1.4153595
1645,65.11000061035156,-5.2730675
1646,41.0,-1.5939293
1647,28.0,-4.789646
1648,26.0,0.81235313
1649,45.0,2.0810852
1650,29.0,0.33815956
1651,27.0,-0.7612324
1652,30.0,-2.2112064
1653,42.0,0.4763832
1654,27.0,4.9717827
1655,43.0,-1.2899284
1656,19.0,3.6447563
1657,22.0,4.286131
1658,20.0,4.050455
1659,31.0,0.9245033
1660,25.0,3.9841251
1661,44.880001068115234,0.6637192
1662,28.0,-4.673311
1663,53.75,2.8413544
1664,25.0,-0.8859234
1665,25.0,4.040617
1666,38.0,0.044509888
1667,39.040000915527344,0.5977974
1668,45.70000076293945,-0.13237381
1669,20.0,8.12504
1670,70.0,-2.3279343
1671,38.0,-3.0905838
1672,24.0,1.618927
1673,31.0,2.3882446
1674,46.0,1.3853073
1675,70.5,-2.3791962
1676,24.0,-1.6841431
1677,70.25,-2.203064
1678,52.0,2.6549263
1679,23.0,6.703102
1680,62.060001373291016,-1.6036758
1681,25.0,-0.79117584
1682,47.0,-3.0433998
1683,62.09000015258789,-2.9624176
1684,76.0,5.505539
1685,69.55000305175781,2.9861526
1686,24.0,4.410269
1687,56.0,-3.071087
1688,28.0,0.90454483
1689,81.0,3.4436493
1690,20.0,5.1236134
1691,51.0,-0.11708069
1692,29.0,0.24167824
1693,25.0,1.6429977
1694,62.02000045776367,-0.78954697
1695,41.0,3.3763733
1696,81.0,-5.649025
1697,26.0,-1.1173325
1698,52.0,-0.34526062
1699,22.0,1.4449234
1700,25.0,-1.8229809
1701,34.279998779296875,-0.7817955
1702,85.0,-4.6456833
1703,90.0,-4.954651
1704,22.0,0.076654434
1705,19.0,2.9249268
1706,38.0,6.409256
1707,22.0,2.6004848
1708,29.0,1.1954994
1709,55.0,-0.7562828
1710,26.0,-0.20493889
1711,53.0,4.5247917
1712,26.0,-1.52532
1713,20.0,2.9730606
1714,40.040000915527344,4.162636
1715,28.0,-1.5833702
1716,21.0,1.5597191
1717,38.0,-2.9368515
1718,48.0,-0.5695915
1719,40.0,2.7556648
1720,54.0,2.4984207
1721,52.0,7.1043167
1722,52.529998779296875,-1.8442535
1723,29.0,5.9546814
1724,22.0,0.13413048
1725,48.0,2.6807861
1726,23.0,0.6153965
1727,33.08000183105469,-4.722227
1728,19.0,4.6487503
1729,25.0,-2.3417568
1730,35.79999923706055,2.53117
1731,19.0,3.8932781
1732,18.0,4.296089
1733,57.0,0.8642807
1734,29.0,-2.2458477
1735,39.0,0.6811409
1736,40.0,-6.024086
1737,22.0,-0.017702103
1738,21.0,4.144829
1739,21.0,1.5924301
1740,62.79999923706055,4.3092384
1741,23.0,1.5652924
1742,52.0,-0.91400146
1743,38.0,4.2175217
1744,20.0,1.8662796
1745,59.380001068115234,0.47341537
1746,18.0,7.2675247
1747,63.0,1.7502289
1748,50.52000045776367,3.2820778
1749,34.0,0.5883751
1750,54.0,3.9293327
1751,45.86000061035156,0.19310379
1752,37.95000076293945,2.6871948
1753,60.869998931884766,2.0314941
1754,40.0,-2.054451
1755,25.0,-1.3547535
1756,29.0,0.6621723
1757,54.0,-2.803112
1758,41.0,-0.393219
1759,24.0,1.7275314
1760,22.0,2.2703304
1761,63.540000915527344,-0.37042236
1762,27.0,-4.400856
1763,30.0,4.9063454
1764,21.0,1.0025349
1765,64.0,1.761116
1766,25.0,-2.1639957
1767,24.0,1.7697582
1768,40.810001373291016,2.4475784
1769,25.0,-2.6804047
1770,22.0,1.818779
1771,25.530000686645508,-1.9433041
1772,20.0,3.542181
1773,34.0,-1.9406471
1774,23.0,-0.85567856
1775,61.0,-2.6573563
1776,43.0,2.5446014
1777,20.0,2.5399208
1778,24.0,-0.7388611
1779,20.0,3.165598
1780,26.0,-0.33364296
1781,22.0,2.1817093
1782,39.18000030517578,3.6855278
1783,27.0,-3.4355183
1784,58.0,-0.3628044
1785,52.5,2.31427
1786,50.0,-4.3276634
1787,42.0,3.8003159
1788,32.0,-5.631716
1789,50.0,1.3610306
1790,22.0,-0.6862564
1791,56.869998931884766,4.622246
1792,21.0,1.8022423
1793,21.0,0.56495476
1794,23.0,2.7054005
1795,52.0,5.9452972
1796,50.0,-0.9522705
1797,33.2400016784668,-8.916674
1798,65.0,-1.1202393
1799,17.0,4.9892216
1800,29.0,-1.5767574
1801,19.0,2.611063
1802,74.0,3.4994278
1803,41.720001220703125,-6.045166
1804,19.0,2.3398438
1805,18.0,3.8370152
1806,54.0,-0.77285004
1807,30.0,-5.200325
1808,22.0,4.5909557
1809,50.0,0.34453964
1810,55.0,-1.6183434
1811,33.0,-1.598877
1812,19.0,1.9702644
1813,32.0,5.2645035
1814,53.33000183105469,1.6401558
1815,42.0,0.48019028
1816,42.0,2.1601486
1817,21.0,2.332281
1818,21.0,1.8057327
1819,26.0,0.66617393
1820,46.0,-3.5533676
1821,38.0,2.0576286
1822,22.0,0.17294312
1823,52.0,3.3789825
1824,56.0,-3.0335464
1825,24.0,-1.8441467
1826,74.0,-2.3111649
1827,30.0,-1.7656498
1828,52.0,2.0151443
1829,62.0,1.1903534
1830,20.0,1.9818783
1831,67.23999786376953,-3.199913
1832,31.0,8.22715
1833,51.0,2.9993668
1834,24.0,0.16411018
1835,39.0,4.1459312
1836,65.8499984741211,-2.4348183
1837,35.0,4.992813
1838,27.0,-3.8162918
1839,19.0,2.911726
1840,51.0,3.7136688
1841,44.849998474121094,8.090252
1842,30.0,-5.908844
1843,28.0,2.540657
1844,31.0,-6.2594852
1845,31.0,-2.7859669
1846,22.0,2.3759212
